num,name,price,type,star,sold,from,img_src,url,id
1,à¸‹à¸¸à¸›à¹„à¸à¹ˆà¹€à¸à¸²à¸«à¸¥à¸µà¸›à¸£à¸¸à¸‡à¸ªà¸³à¹€à¸£à¹‡à¸ˆà¸£à¸¹à¸› original dongwon yangban chicken soup 460g,99.0,à¸£à¹‰à¸²à¸™à¹à¸™à¸°à¸™à¸³,4.8,9.0,à¸ˆà¸±à¸‡à¸«à¸§à¸±à¸”à¸à¸£à¸¸à¸‡à¹€à¸—à¸žà¸¡à¸«à¸²à¸™à¸„à¸£,https://cf.shopee.co.th/file/177c74b3453a3337106b3d81dc7ba1c0_tn,https://shopee.co.th//à¸‹à¸¸à¸›à¹„à¸à¹ˆà¹€à¸à¸²à¸«à¸¥à¸µà¸›à¸£à¸¸à¸‡à¸ªà¸³à¹€à¸£à¹‡à¸ˆà¸£à¸¹à¸›-original-dongwon-yangban-chicken-soup-460g-i.211550487.11703088274,11703088274
2,Knorr Chicken Stock Pot 4 Pots 112g à¸„à¸™à¸­à¸£à¹Œ à¸ªà¸•à¹Šà¸­à¸à¹„à¸à¹ˆ 4 à¸–à¹‰à¸§à¸¢ 112à¸à¸£à¸±à¸¡,135.0,general,5.0,6.0,à¸ˆà¸±à¸‡à¸«à¸§à¸±à¸”à¸à¸£à¸¸à¸‡à¹€à¸—à¸žà¸¡à¸«à¸²à¸™à¸„à¸£,https://cf.shopee.co.th/file/64848cbe83d0b8236a6229834903acc1_tn,https://shopee.co.th//Knorr-Chicken-Stock-Pot-4-Pots-112g-à¸„à¸™à¸­à¸£à¹Œ-à¸ªà¸•à¹Šà¸­à¸à¹„à¸à¹ˆ-4-à¸–à¹‰à¸§à¸¢-112à¸à¸£à¸±à¸¡-i.38135558.9430096605,9430096605
3,Knorr Stock Cubes Chicken 80g à¸„à¸™à¸­à¸£à¹Œ à¸‹à¸¸à¸›à¸à¹‰à¸­à¸™à¸£à¸ªà¹„à¸à¹ˆ 80à¸à¸£à¸±à¸¡,146.0,general,5.0,9.0,à¸ˆà¸±à¸‡à¸«à¸§à¸±à¸”à¸à¸£à¸¸à¸‡à¹€à¸—à¸žà¸¡à¸«à¸²à¸™à¸„à¸£,https://cf.shopee.co.th/file/6490d71d5cc1126b957b1f4ee247a204_tn,https://shopee.co.th//Knorr-Stock-Cubes-Chicken-80g-à¸„à¸™à¸­à¸£à¹Œ-à¸‹à¸¸à¸›à¸à¹‰à¸­à¸™à¸£à¸ªà¹„à¸à¹ˆ-80à¸à¸£à¸±à¸¡-i.38135558.9930106415,9930106415
4,à¸­à¸²à¸«à¸²à¸£à¸šà¸²à¸£à¹Œà¸Ÿ - BARF à¸ªà¸¹à¸•à¸£à¹„à¸à¹ˆà¸¥à¹‰à¸§à¸™à¹à¸šà¸šà¹€à¸£à¸´à¹ˆà¸¡à¸•à¹‰à¸™ l 500g - (Starter) FREE-RUN CHICKEN,65.0,general,5.0,606.0,à¸ˆà¸±à¸‡à¸«à¸§à¸±à¸”à¸à¸£à¸¸à¸‡à¹€à¸—à¸žà¸¡à¸«à¸²à¸™à¸„à¸£,https://cf.shopee.co.th/file/a9063877603d33c8ae52120920724b9e_tn,https://shopee.co.th//à¸­à¸²à¸«à¸²à¸£à¸šà¸²à¸£à¹Œà¸Ÿ-BARF-à¸ªà¸¹à¸•à¸£à¹„à¸à¹ˆà¸¥à¹‰à¸§à¸™à¹à¸šà¸šà¹€à¸£à¸´à¹ˆà¸¡à¸•à¹‰à¸™-l-500g-(Starter)-FREE-RUN-CHICKEN-i.131403598.5771372396,5771372396
5,à¹‚à¸„à¸Šà¸¹à¸ˆà¸±à¸‡ korea cj gochujang  í•´ì°¬ë“¤ ê³ ì¶”ìž¥ ìŒˆìž¥ ëœìž¥ 200g 500g à¸™à¸³à¹€à¸‚à¹‰à¸²à¸ˆà¸²à¸à¸›à¸£à¸°à¹€à¸—à¸¨à¹€à¸à¸²à¸«à¸¥à¸µ100% à¸‹à¸­à¸ªà¸žà¸£à¸´à¸à¹€à¸à¸²à¸«à¸¥à¸µà¸‚à¸­à¸‡à¹à¸—à¹‰ cj sauce collection,69.0,à¸£à¹‰à¸²à¸™à¹à¸™à¸°à¸™à¸³,4.8354,6600.0,à¸ˆà¸±à¸‡à¸«à¸§à¸±à¸”à¸à¸£à¸¸à¸‡à¹€à¸—à¸žà¸¡à¸«à¸²à¸™à¸„à¸£,https://cf.shopee.co.th/file/0987a979b45fbdfb16341cdb1acbeca0_tn,https://shopee.co.th//à¹‚à¸„à¸Šà¸¹à¸ˆà¸±à¸‡-korea-cj-gochujang-í•´ì°¬ë“¤-ê³ ì¶”ìž¥-ìŒˆìž¥-ëœìž¥-200g-500g-à¸™à¸³à¹€à¸‚à¹‰à¸²à¸ˆà¸²à¸à¸›à¸£à¸°à¹€à¸—à¸¨à¹€à¸à¸²à¸«à¸¥à¸µ100-à¸‹à¸­à¸ªà¸žà¸£à¸´à¸à¹€à¸à¸²à¸«à¸¥à¸µà¸‚à¸­à¸‡à¹à¸—à¹‰-cj-sauce-collection-i.211550487.3336300608,3336300608
6,à¸¥à¹‡à¸­à¸•à¹ƒà¸«à¸¡à¹ˆ à¸«à¸¡à¸”à¸­à¸²à¸¢à¸¸à¸›à¸µà¸«à¸™à¹‰à¸²!! Samyang Buldak Hot Chicken Sauce à¸‹à¸±à¸¡à¸¢à¸±à¸‡ à¸‹à¸­à¸ªà¹„à¸à¹ˆà¹€à¸œà¹‡à¸” à¸‹à¸­à¸ªà¹€à¸à¸²à¸«à¸¥à¸µ à¸‹à¸­à¸ªà¹€à¸œà¹‡à¸”à¹€à¸à¸²à¸«à¸¥à¸µ à¸‹à¸­à¸ªà¸žà¸£à¸´à¸à¹„à¸à¹ˆà¹€à¸œà¹‡à¸”à¹€à¸à¸²à¸«à¸¥à¸µ,125.0,à¸£à¹‰à¸²à¸™à¹à¸™à¸°à¸™à¸³,4.8793,8200.0,à¸ˆà¸±à¸‡à¸«à¸§à¸±à¸”à¸ªà¸¡à¸¸à¸—à¸£à¸›à¸£à¸²à¸à¸²à¸£,https://cf.shopee.co.th/file/c0c26355ea030086c8132b68759f24b4_tn,https://shopee.co.th//à¸¥à¹‡à¸­à¸•à¹ƒà¸«à¸¡à¹ˆ-à¸«à¸¡à¸”à¸­à¸²à¸¢à¸¸à¸›à¸µà¸«à¸™à¹‰à¸²!!-Samyang-Buldak-Hot-Chicken-Sauce-à¸‹à¸±à¸¡à¸¢à¸±à¸‡-à¸‹à¸­à¸ªà¹„à¸à¹ˆà¹€à¸œà¹‡à¸”-à¸‹à¸­à¸ªà¹€à¸à¸²à¸«à¸¥à¸µ-à¸‹à¸­à¸ªà¹€à¸œà¹‡à¸”à¹€à¸à¸²à¸«à¸¥à¸µ-à¸‹à¸­à¸ªà¸žà¸£à¸´à¸à¹„à¸à¹ˆà¹€à¸œà¹‡à¸”à¹€à¸à¸²à¸«à¸¥à¸µ-i.37433026.4938445193,4938445193
7,1KG/PACK à¸Šà¸´à¹‰à¸™à¸ªà¹ˆà¸§à¸™à¹€à¸™à¸·à¹‰à¸­à¹„à¸à¹ˆà¸­à¸­à¸£à¹Œà¹à¸à¸™à¸´à¸„ à¹€à¸à¸£à¸”à¸žà¸£à¸µà¹€à¸¡à¸µà¸¢à¸¡ PREMIUM ORGANIC CHICKEN FILLET,75.0,general,4.96,162.0,à¸ˆà¸±à¸‡à¸«à¸§à¸±à¸”à¸à¸£à¸¸à¸‡à¹€à¸—à¸žà¸¡à¸«à¸²à¸™à¸„à¸£,https://cf.shopee.co.th/file/af728d2340d5c594fd4956d612fddd60_tn,https://shopee.co.th//1KG-PACK-à¸Šà¸´à¹‰à¸™à¸ªà¹ˆà¸§à¸™à¹€à¸™à¸·à¹‰à¸­à¹„à¸à¹ˆà¸­à¸­à¸£à¹Œà¹à¸à¸™à¸´à¸„-à¹€à¸à¸£à¸”à¸žà¸£à¸µà¹€à¸¡à¸µà¸¢à¸¡-PREMIUM-ORGANIC-CHICKEN-FILLET-i.180403010.6671444247,6671444247
8,VITALIFE CHICKEN TENDER à¸ªà¸±à¸™à¹ƒà¸™à¹„à¸à¹ˆà¸­à¸šà¹à¸«à¹‰à¸‡ à¹€à¸à¸£à¸”à¸žà¸£à¸µà¹€à¸¡à¸µà¹ˆà¸¢à¸¡ à¸‚à¸™à¸²à¸” 227 à¸à¸£à¸±à¸¡,160.0,shopee mall,5.0,11.0,à¸ˆà¸±à¸‡à¸«à¸§à¸±à¸”à¸ªà¸¡à¸¸à¸—à¸£à¸›à¸£à¸²à¸à¸²à¸£,https://cf.shopee.co.th/file/303e46b1fb2fed58ea9b1e3ab27149ab_tn,https://shopee.co.th//VITALIFE-CHICKEN-TENDER-à¸ªà¸±à¸™à¹ƒà¸™à¹„à¸à¹ˆà¸­à¸šà¹à¸«à¹‰à¸‡-à¹€à¸à¸£à¸”à¸žà¸£à¸µà¹€à¸¡à¸µà¹ˆà¸¢à¸¡-à¸‚à¸™à¸²à¸”-227-à¸à¸£à¸±à¸¡-i.33708695.7248470929,7248470929
9,Delicio Chicken Flake à¸œà¸‡à¹‚à¸£à¸¢à¸­à¸²à¸«à¸²à¸£à¸ªà¸³à¸«à¸£à¸±à¸šà¸ªà¸¸à¸™à¸±à¸‚à¹à¸¥à¸°à¹à¸¡à¸§ à¸à¸¥à¸´à¹ˆà¸™à¸•à¸±à¸š à¹€à¸ªà¸£à¸´à¸¡à¸ªà¸£à¹‰à¸²à¸‡à¸à¸£à¸°à¸”à¸¹à¸à¹à¸¥à¸°à¸ªà¸¸à¸‚à¸ à¸²à¸žà¹à¸‚à¹‡à¸‡à¹à¸£à¸‡ 100 à¸à¸£à¸±à¸¡,165.0,à¸£à¹‰à¸²à¸™à¹à¸™à¸°à¸™à¸³,5.0,12.0,à¸ˆà¸±à¸‡à¸«à¸§à¸±à¸”à¸à¸£à¸¸à¸‡à¹€à¸—à¸žà¸¡à¸«à¸²à¸™à¸„à¸£,https://cf.shopee.co.th/file/df8b68c4ea131cd9421810688b6b0c35_tn,https://shopee.co.th//Delicio-Chicken-Flake-à¸œà¸‡à¹‚à¸£à¸¢à¸­à¸²à¸«à¸²à¸£à¸ªà¸³à¸«à¸£à¸±à¸šà¸ªà¸¸à¸™à¸±à¸‚à¹à¸¥à¸°à¹à¸¡à¸§-à¸à¸¥à¸´à¹ˆà¸™à¸•à¸±à¸š-à¹€à¸ªà¸£à¸´à¸¡à¸ªà¸£à¹‰à¸²à¸‡à¸à¸£à¸°à¸”à¸¹à¸à¹à¸¥à¸°à¸ªà¸¸à¸‚à¸ à¸²à¸žà¹à¸‚à¹‡à¸‡à¹à¸£à¸‡-100-à¸à¸£à¸±à¸¡-i.779177.7952520365,7952520365
10,à¹€à¸„à¸£à¸·à¹ˆà¸­à¸‡à¹€à¸—à¸¨à¹„à¸à¹ˆà¹à¸—à¸™à¹€à¸”à¸­à¸£à¸µà¹ˆ (Tandoori Chicken Masala) - Everest 100g,50.0,general,4.875,24.0,à¸ˆà¸±à¸‡à¸«à¸§à¸±à¸”à¸à¸£à¸¸à¸‡à¹€à¸—à¸žà¸¡à¸«à¸²à¸™à¸„à¸£,https://cf.shopee.co.th/file/5d9b0bdcd4aa20a387d452916eb18601_tn,https://shopee.co.th//à¹€à¸„à¸£à¸·à¹ˆà¸­à¸‡à¹€à¸—à¸¨à¹„à¸à¹ˆà¹à¸—à¸™à¹€à¸”à¸­à¸£à¸µà¹ˆ-(Tandoori-Chicken-Masala)-Everest-100g-i.157161072.4548948740,4548948740
11,à¸›à¸µà¸à¸à¸¥à¸²à¸‡à¹„à¸à¹ˆà¸­à¸šà¸ªà¹„à¸›à¸‹à¸µà¹ˆ (Chicken Middle Wings Spicy) à¹à¸žà¸„ 1 à¸à¸. (31-33 à¸Šà¸´à¹‰à¸™),165.0,à¸£à¹‰à¸²à¸™à¹à¸™à¸°à¸™à¸³,4.83,287.0,à¸ˆà¸±à¸‡à¸«à¸§à¸±à¸”à¸™à¸™à¸—à¸šà¸¸à¸£à¸µ,https://cf.shopee.co.th/file/b553766312d69c01bfc7ca0808a5ad4c_tn,https://shopee.co.th//à¸›à¸µà¸à¸à¸¥à¸²à¸‡à¹„à¸à¹ˆà¸­à¸šà¸ªà¹„à¸›à¸‹à¸µà¹ˆ-(Chicken-Middle-Wings-Spicy)-à¹à¸žà¸„-1-à¸à¸.-(31-33-à¸Šà¸´à¹‰à¸™)-i.35173471.4351327000,4351327000
12,à¸‹à¸¸à¸›à¹„à¸à¹ˆà¹€à¸à¸²à¸«à¸¥à¸µà¸›à¸£à¸¸à¸‡à¸ªà¸³à¹€à¸£à¹‡à¸ˆà¸£à¸¹à¸› original dongwon yangban chicken soup 460g,99.0,à¸£à¹‰à¸²à¸™à¹à¸™à¸°à¸™à¸³,4.8,9.0,à¸ˆà¸±à¸‡à¸«à¸§à¸±à¸”à¸à¸£à¸¸à¸‡à¹€à¸—à¸žà¸¡à¸«à¸²à¸™à¸„à¸£,https://cf.shopee.co.th/file/177c74b3453a3337106b3d81dc7ba1c0_tn,https://shopee.co.th//à¸‹à¸¸à¸›à¹„à¸à¹ˆà¹€à¸à¸²à¸«à¸¥à¸µà¸›à¸£à¸¸à¸‡à¸ªà¸³à¹€à¸£à¹‡à¸ˆà¸£à¸¹à¸›-original-dongwon-yangban-chicken-soup-460g-i.211550487.11703088274,11703088274
13,[à¸¥à¸”à¸žà¸´à¹€à¸¨à¸©] Texas Chicken : 1 à¹à¸–à¸¡ 1 à¸™à¸±à¸à¹€à¸à¹‡à¸• 6 à¸Šà¸´à¹‰à¸™,75.0,shopee mall,0.0,1900.0,à¸ˆà¸±à¸‡à¸«à¸§à¸±à¸”à¸à¸£à¸¸à¸‡à¹€à¸—à¸žà¸¡à¸«à¸²à¸™à¸„à¸£,https://cf.shopee.co.th/file/d91581495aaa463918da3391dc5f2d68_tn,https://shopee.co.th//-à¸¥à¸”à¸žà¸´à¹€à¸¨à¸©-Texas-Chicken-1-à¹à¸–à¸¡-1-à¸™à¸±à¸à¹€à¸à¹‡à¸•-6-à¸Šà¸´à¹‰à¸™-i.175825579.6961457588,6961457588
14,à¹„à¸à¹ˆà¸«à¸¢à¸­à¸‡ à¹€à¸à¸£à¸” A (Shredded Chicken A) à¸•à¸£à¸²à¸Ÿà¸²à¸£à¹Œà¸¡à¸ªà¸¸à¸‚ à¸‚à¸™à¸²à¸” 500 à¸à¸£à¸±à¸¡,170.0,à¸£à¹‰à¸²à¸™à¹à¸™à¸°à¸™à¸³,4.9412,97.0,à¸ˆà¸±à¸‡à¸«à¸§à¸±à¸”à¸™à¸™à¸—à¸šà¸¸à¸£à¸µ,https://cf.shopee.co.th/file/ef34f7d25664bec759d11e08be24cc1d_tn,https://shopee.co.th//à¹„à¸à¹ˆà¸«à¸¢à¸­à¸‡-à¹€à¸à¸£à¸”-A-(Shredded-Chicken-A)-à¸•à¸£à¸²à¸Ÿà¸²à¸£à¹Œà¸¡à¸ªà¸¸à¸‚-à¸‚à¸™à¸²à¸”-500-à¸à¸£à¸±à¸¡-i.35173471.7931966085,7931966085
15,"à¹„à¸à¹ˆà¸—à¸­à¸”à¸„à¸²à¸£à¸²à¹€à¸à¸° (Japanese Fried Chicken Karaage) à¸£à¸ªà¸Šà¸²à¸•à¸´à¸­à¸­à¸£à¸´à¸ˆà¸´à¸™à¸±à¸¥/à¸ªà¹„à¸›à¸‹à¸µà¹ˆ 2,000à¸à¸£à¸±à¸¡/à¸–à¸¸à¸‡",180.0,general,5.0,24.0,à¸ˆà¸±à¸‡à¸«à¸§à¸±à¸”à¸à¸£à¸¸à¸‡à¹€à¸—à¸žà¸¡à¸«à¸²à¸™à¸„à¸£,https://cf.shopee.co.th/file/a04ef71f25de5bfaa5c0d443781fab7c_tn,https://shopee.co.th//à¹„à¸à¹ˆà¸—à¸­à¸”à¸„à¸²à¸£à¸²à¹€à¸à¸°-(Japanese-Fried-Chicken-Karaage)-à¸£à¸ªà¸Šà¸²à¸•à¸´à¸­à¸­à¸£à¸´à¸ˆà¸´à¸™à¸±à¸¥-à¸ªà¹„à¸›à¸‹à¸µà¹ˆ-2-000à¸à¸£à¸±à¸¡-à¸–à¸¸à¸‡-i.353827617.5976821380,5976821380
16,"à¸™à¸±à¸à¹€à¸à¹‡à¸•à¹„à¸à¹ˆà¹à¸¡à¸„ (Chicken Nuggets) à¸£à¸ªà¸Šà¸²à¸•à¸´à¸­à¸­à¸£à¸´à¸ˆà¸´à¸™à¸±à¸¥/à¸žà¸£à¸´à¸à¸ªà¸”/à¸Šà¸µà¸ª 1,000à¸à¸£à¸±à¸¡/à¸–à¸¸à¸‡",130.0,general,4.9241,210.0,à¸ˆà¸±à¸‡à¸«à¸§à¸±à¸”à¸à¸£à¸¸à¸‡à¹€à¸—à¸žà¸¡à¸«à¸²à¸™à¸„à¸£,https://cf.shopee.co.th/file/0876d27c5af021e5ffdde421e0f81f45_tn,https://shopee.co.th//à¸™à¸±à¸à¹€à¸à¹‡à¸•à¹„à¸à¹ˆà¹à¸¡à¸„-(Chicken-Nuggets)-à¸£à¸ªà¸Šà¸²à¸•à¸´à¸­à¸­à¸£à¸´à¸ˆà¸´à¸™à¸±à¸¥-à¸žà¸£à¸´à¸à¸ªà¸”-à¸Šà¸µà¸ª-1-000à¸à¸£à¸±à¸¡-à¸–à¸¸à¸‡-i.353827617.6574536224,6574536224
17,Chickenâ€‹ Ribâ€‹ (à¸Šà¸´à¸„à¹€à¸à¹‰à¸™à¸£à¸´à¸š)â€‹ à¸™à¸´à¸§à¸­à¸­à¸¥à¸µà¸™ à¹à¸¥à¸°à¸Šà¸´à¸„à¹€à¸à¹‰à¸™à¸£à¸´à¸šà¸à¸£à¸°à¹€à¸—à¸µà¸¢à¸¡à¸žà¸£à¸´à¸à¹„à¸—à¸¢ à¸­à¸£à¹ˆà¸­à¸¢à¸¥à¸·à¸¡à¸›à¸µà¸â€‹ à¹€à¸™à¸·à¹‰à¸­à¸Šà¸¸à¹ˆà¸¡à¸‰à¹ˆà¸³â€‹ à¸à¸£à¸°à¸”à¸¹à¸à¹€à¸”à¸µà¸¢à¸§,150.0,à¸£à¹‰à¸²à¸™à¹à¸™à¸°à¸™à¸³,4.9051,371.0,à¸ˆà¸±à¸‡à¸«à¸§à¸±à¸”à¸ªà¸¡à¸¸à¸—à¸£à¸›à¸£à¸²à¸à¸²à¸£,https://cf.shopee.co.th/file/1a0273abb75277930d07cb1b752a6d52_tn,https://shopee.co.th//Chickenâ€‹-Ribâ€‹-(à¸Šà¸´à¸„à¹€à¸à¹‰à¸™à¸£à¸´à¸š)â€‹-à¸™à¸´à¸§à¸­à¸­à¸¥à¸µà¸™-à¹à¸¥à¸°à¸Šà¸´à¸„à¹€à¸à¹‰à¸™à¸£à¸´à¸šà¸à¸£à¸°à¹€à¸—à¸µà¸¢à¸¡à¸žà¸£à¸´à¸à¹„à¸—à¸¢-à¸­à¸£à¹ˆà¸­à¸¢à¸¥à¸·à¸¡à¸›à¸µà¸â€‹-à¹€à¸™à¸·à¹‰à¸­à¸Šà¸¸à¹ˆà¸¡à¸‰à¹ˆà¸³â€‹-à¸à¸£à¸°à¸”à¸¹à¸à¹€à¸”à¸µà¸¢à¸§-i.22770647.9613313904,9613313904
18,VITALIFE CHICKEN TENDER à¸ªà¸±à¸™à¹ƒà¸™à¹„à¸à¹ˆà¸­à¸šà¹à¸«à¹‰à¸‡ à¹€à¸à¸£à¸”à¸žà¸£à¸µà¹€à¸¡à¸µà¹ˆà¸¢à¸¡ à¸‚à¸™à¸²à¸” 454 à¸à¸£à¸±à¸¡,335.0,shopee mall,5.0,63.0,à¸ˆà¸±à¸‡à¸«à¸§à¸±à¸”à¸ªà¸¡à¸¸à¸—à¸£à¸›à¸£à¸²à¸à¸²à¸£,https://cf.shopee.co.th/file/b4fae4ffc6eebf497fd14556acbf5dc8_tn,https://shopee.co.th//VITALIFE-CHICKEN-TENDER-à¸ªà¸±à¸™à¹ƒà¸™à¹„à¸à¹ˆà¸­à¸šà¹à¸«à¹‰à¸‡-à¹€à¸à¸£à¸”à¸žà¸£à¸µà¹€à¸¡à¸µà¹ˆà¸¢à¸¡-à¸‚à¸™à¸²à¸”-454-à¸à¸£à¸±à¸¡-i.33708695.4447903850,4447903850
19,[à¸žà¸£à¹‰à¸­à¸¡à¸ªà¹ˆà¸‡][à¹à¸šà¸šà¸‹à¸­à¸‡] à¸¡à¸²à¸¡à¹ˆà¸²à¹€à¸à¸²à¸«à¸¥à¸µà¸ªà¸¹à¸•à¸£à¸‚à¹‰à¸¡à¸‚à¹‰à¸™ Samyang Hot Chicken Flavour Ramen,32.0,à¸£à¹‰à¸²à¸™à¹à¸™à¸°à¸™à¸³,5.0,15.0,à¸ˆà¸±à¸‡à¸«à¸§à¸±à¸”à¸ªà¸¡à¸¸à¸—à¸£à¸›à¸£à¸²à¸à¸²à¸£,https://cf.shopee.co.th/file/61e696f88aa0b92bfe09a409733fc135_tn,https://shopee.co.th//-à¸žà¸£à¹‰à¸­à¸¡à¸ªà¹ˆà¸‡-à¹à¸šà¸šà¸‹à¸­à¸‡-à¸¡à¸²à¸¡à¹ˆà¸²à¹€à¸à¸²à¸«à¸¥à¸µà¸ªà¸¹à¸•à¸£à¸‚à¹‰à¸¡à¸‚à¹‰à¸™-Samyang-Hot-Chicken-Flavour-Ramen-i.66644147.10210679448,10210679448
20,Supercoat à¸­à¸²à¸«à¸²à¸£à¸ªà¸¸à¸™à¸±à¸‚à¸‹à¸¸à¸›à¹€à¸›à¸­à¸£à¹Œà¹‚à¸„à¹‰à¸— à¸‚à¸™à¸²à¸” 3 KG. Super coat Beef Chicken Small Breed à¹€à¸¡à¹‡à¸”à¹€à¸¥à¹‡à¸ à¹ƒà¸«à¸à¹ˆ,275.0,à¸£à¹‰à¸²à¸™à¹à¸™à¸°à¸™à¸³,4.8442,158.0,à¸ˆà¸±à¸‡à¸«à¸§à¸±à¸”à¸à¸£à¸¸à¸‡à¹€à¸—à¸žà¸¡à¸«à¸²à¸™à¸„à¸£,https://cf.shopee.co.th/file/9d09cdfe4f3e61b0a331bc072e28a5c0_tn,https://shopee.co.th//Supercoat-à¸­à¸²à¸«à¸²à¸£à¸ªà¸¸à¸™à¸±à¸‚à¸‹à¸¸à¸›à¹€à¸›à¸­à¸£à¹Œà¹‚à¸„à¹‰à¸—-à¸‚à¸™à¸²à¸”-3-KG.-Super-coat-Beef-Chicken-Small-Breed-à¹€à¸¡à¹‡à¸”à¹€à¸¥à¹‡à¸-à¹ƒà¸«à¸à¹ˆ-i.56717998.2720976652,2720976652
21,Messi Doggy Pets Sterilize Chicken Sausage à¹€à¸¡à¸‹à¸‹à¸µà¹ˆ à¸”à¹Šà¸­à¸à¸à¸µà¹‰ à¹€à¸žà¸—à¸ªà¹Œ à¹„à¸ªà¹‰à¸à¸£à¸­à¸à¹„à¸à¹ˆà¸ªà¹€à¸•à¸­à¸£à¸´à¹„à¸£à¸‹à¹Œ à¸‚à¸™à¸²à¸” 40g. à¸ˆà¸³à¸™à¸§à¸™ 12 à¸Šà¸´à¹‰à¸™,204.0,à¸£à¹‰à¸²à¸™à¹à¸™à¸°à¸™à¸³,4.9204,2900.0,à¸ˆà¸±à¸‡à¸«à¸§à¸±à¸”à¸à¸£à¸¸à¸‡à¹€à¸—à¸žà¸¡à¸«à¸²à¸™à¸„à¸£,https://cf.shopee.co.th/file/bd1ab60b30bdbe0ee97d3c5b0419ab5f_tn,https://shopee.co.th//Messi-Doggy-Pets-Sterilize-Chicken-Sausage-à¹€à¸¡à¸‹à¸‹à¸µà¹ˆ-à¸”à¹Šà¸­à¸à¸à¸µà¹‰-à¹€à¸žà¸—à¸ªà¹Œ-à¹„à¸ªà¹‰à¸à¸£à¸­à¸à¹„à¸à¹ˆà¸ªà¹€à¸•à¸­à¸£à¸´à¹„à¸£à¸‹à¹Œ-à¸‚à¸™à¸²à¸”-40g.-à¸ˆà¸³à¸™à¸§à¸™-12-à¸Šà¸´à¹‰à¸™-i.8969399.739623090,739623090
22,[à¸¥à¸”à¸žà¸´à¹€à¸¨à¸©] Texas Chicken : à¸‚à¹‰à¸²à¸§à¹„à¸à¹ˆà¹€à¸—à¸­à¸£à¸´à¸¢à¸²à¸à¸´ 1 à¸ˆà¸²à¸™,41.0,shopee mall,0.0,10500.0,à¸ˆà¸±à¸‡à¸«à¸§à¸±à¸”à¸à¸£à¸¸à¸‡à¹€à¸—à¸žà¸¡à¸«à¸²à¸™à¸„à¸£,https://cf.shopee.co.th/file/cc96156d939f810fffffa97700da8bde_tn,https://shopee.co.th//-à¸¥à¸”à¸žà¸´à¹€à¸¨à¸©-Texas-Chicken-à¸‚à¹‰à¸²à¸§à¹„à¸à¹ˆà¹€à¸—à¸­à¸£à¸´à¸¢à¸²à¸à¸´-1-à¸ˆà¸²à¸™-i.175825579.6958077783,6958077783
23,SUPER TASTY Foie gras & Chicken Liver Pate à¸•à¸±à¸šà¸šà¸” à¸•à¸±à¸šà¸«à¹ˆà¸²à¸™ à¸œà¸ªà¸¡ à¸•à¸±à¸šà¹„à¸à¹ˆ,320.0,general,5.0,22.0,à¸ˆà¸±à¸‡à¸«à¸§à¸±à¸”à¸à¸£à¸¸à¸‡à¹€à¸—à¸žà¸¡à¸«à¸²à¸™à¸„à¸£,https://cf.shopee.co.th/file/5791056775836b6488858a6d3c5f3893_tn,https://shopee.co.th//SUPER-TASTY-Foie-gras-Chicken-Liver-Pate-à¸•à¸±à¸šà¸šà¸”-à¸•à¸±à¸šà¸«à¹ˆà¸²à¸™-à¸œà¸ªà¸¡-à¸•à¸±à¸šà¹„à¸à¹ˆ-i.225745092.9420378041,9420378041
24,à¹€à¸„à¸£à¸·à¹ˆà¸­à¸‡à¹à¸à¸‡à¸à¸°à¸«à¸£à¸µà¹ˆà¹„à¸à¹ˆ (Chicken Masala) - Everest,60.0,à¸£à¹‰à¸²à¸™à¹à¸™à¸°à¸™à¸³,4.7297,224.0,à¸ˆà¸±à¸‡à¸«à¸§à¸±à¸”à¸à¸£à¸¸à¸‡à¹€à¸—à¸žà¸¡à¸«à¸²à¸™à¸„à¸£,https://cf.shopee.co.th/file/f606d3999e945b887558c801c355ccaf_tn,https://shopee.co.th//à¹€à¸„à¸£à¸·à¹ˆà¸­à¸‡à¹à¸à¸‡à¸à¸°à¸«à¸£à¸µà¹ˆà¹„à¸à¹ˆ-(Chicken-Masala)-Everest-i.38875534.1077874859,1077874859
25,à¹€à¸¥à¸”à¸µà¹‰à¹à¸­à¸™à¸™à¸² à¸‹à¸¸à¸› à¸£à¸ªà¹„à¸à¹ˆà¹à¸®à¸¡ Lady Anna Chicken with Ham (3 à¸à¸¥à¹ˆà¸­à¸‡),126.0,shopee mall,4.9516,265.0,à¸ˆà¸±à¸‡à¸«à¸§à¸±à¸”à¸à¸£à¸¸à¸‡à¹€à¸—à¸žà¸¡à¸«à¸²à¸™à¸„à¸£,https://cf.shopee.co.th/file/bc38b1d91d48924c3772439a54bc5388_tn,https://shopee.co.th//à¹€à¸¥à¸”à¸µà¹‰à¹à¸­à¸™à¸™à¸²-à¸‹à¸¸à¸›-à¸£à¸ªà¹„à¸à¹ˆà¹à¸®à¸¡-Lady-Anna-Chicken-with-Ham-(3-à¸à¸¥à¹ˆà¸­à¸‡)-i.62643185.1039161032,1039161032
26,Urinary S/O with Chicken pouch 85 g.  (à¸¢à¸à¸à¸¥à¹ˆà¸­à¸‡ 12 à¸‹à¸­à¸‡) Exp.07/22,590.0,à¸£à¹‰à¸²à¸™à¹à¸™à¸°à¸™à¸³,4.9524,161.0,à¸ˆà¸±à¸‡à¸«à¸§à¸±à¸”à¸ªà¸¡à¸¸à¸—à¸£à¸›à¸£à¸²à¸à¸²à¸£,https://cf.shopee.co.th/file/f1ef1907d7c4dd90bb43a5c18ef787a3_tn,https://shopee.co.th//Urinary-S-O-with-Chicken-pouch-85-g.-(à¸¢à¸à¸à¸¥à¹ˆà¸­à¸‡-12-à¸‹à¸­à¸‡)-Exp.07-22-i.132909107.2076046522,2076046522
27,Hill'sÂ®  c/dÂ® Multicare Feline with Chicken à¸­à¸²à¸«à¸²à¸£à¹€à¸¡à¹‡à¸”à¸ªà¸³à¸«à¸£à¸±à¸šà¹à¸¡à¸§à¹€à¸›à¹‡à¸™à¸™à¸´à¹ˆà¸§ 1.5kg,645.0,à¸£à¹‰à¸²à¸™à¹à¸™à¸°à¸™à¸³,4.9583,44.0,à¸ˆà¸±à¸‡à¸«à¸§à¸±à¸”à¸£à¸²à¸Šà¸šà¸¸à¸£à¸µ,https://cf.shopee.co.th/file/8ab1a60a3e777a091a4d3ea7deb1bb4c_tn,https://shopee.co.th//Hill'sÂ®-c-dÂ®-Multicare-Feline-with-Chicken-à¸­à¸²à¸«à¸²à¸£à¹€à¸¡à¹‡à¸”à¸ªà¸³à¸«à¸£à¸±à¸šà¹à¸¡à¸§à¹€à¸›à¹‡à¸™à¸™à¸´à¹ˆà¸§-1.5kg-i.123044196.6987216299,6987216299
28,Avoderm Small Breed à¸­à¸²à¸«à¸²à¸£à¸ªà¸¸à¸™à¸±à¸‚à¹‚à¸•à¸žà¸±à¸™à¸˜à¸¸à¹Œà¹€à¸¥à¹‡à¸ à¸ªà¸¹à¸•à¸£ Chicken Meal & Brown Rice 1.59 kg (3.5lb.),550.0,à¸£à¹‰à¸²à¸™à¹à¸™à¸°à¸™à¸³,4.6667,22.0,à¸ˆà¸±à¸‡à¸«à¸§à¸±à¸”à¸à¸£à¸¸à¸‡à¹€à¸—à¸žà¸¡à¸«à¸²à¸™à¸„à¸£,https://cf.shopee.co.th/file/a8c52aa2d2a5d0005386c8e285ed8a39_tn,https://shopee.co.th//Avoderm-Small-Breed-à¸­à¸²à¸«à¸²à¸£à¸ªà¸¸à¸™à¸±à¸‚à¹‚à¸•à¸žà¸±à¸™à¸˜à¸¸à¹Œà¹€à¸¥à¹‡à¸-à¸ªà¸¹à¸•à¸£-Chicken-Meal-Brown-Rice-1.59-kg-(3.5lb.)-i.237542584.3854266140,3854266140
29,Nissin Chicken Ramen Mini à¸¡à¸²à¸¡à¹ˆà¸²à¹€à¸”à¹‡à¸à¸¡à¸´à¸™à¸´ à¸£à¸ªà¸£à¸²à¹€à¸¡à¸™à¹„à¸à¹ˆ à¹„à¸¡à¹ˆà¸¡à¸µà¸œà¸‡à¸Šà¸¹à¸£à¸ª,89.0,à¸£à¹‰à¸²à¸™à¹à¸™à¸°à¸™à¸³,4.8727,457.0,à¸ˆà¸±à¸‡à¸«à¸§à¸±à¸”à¸à¸£à¸¸à¸‡à¹€à¸—à¸žà¸¡à¸«à¸²à¸™à¸„à¸£,https://cf.shopee.co.th/file/70ed73ad4b1151f6532aa339db594007_tn,https://shopee.co.th//Nissin-Chicken-Ramen-Mini-à¸¡à¸²à¸¡à¹ˆà¸²à¹€à¸”à¹‡à¸à¸¡à¸´à¸™à¸´-à¸£à¸ªà¸£à¸²à¹€à¸¡à¸™à¹„à¸à¹ˆ-à¹„à¸¡à¹ˆà¸¡à¸µà¸œà¸‡à¸Šà¸¹à¸£à¸ª-i.43533113.4431590038,4431590038
30,à¹‚à¸›à¸£à¸¢à¸à¸¥à¸±à¸‡ 12 à¸‹à¸­à¸‡: Vegetable Stock à¸™à¹‰à¸³à¸‹à¸¸à¸›à¸œà¸±à¸ & Chicken Broth à¸™à¹‰à¸³à¸ªà¸•à¹Šà¸­à¸à¹„à¸à¹ˆà¹€à¸‚à¹‰à¸¡à¸‚à¹‰à¸™,780.0,general,5.0,13.0,à¸ˆà¸±à¸‡à¸«à¸§à¸±à¸”à¸à¸£à¸¸à¸‡à¹€à¸—à¸žà¸¡à¸«à¸²à¸™à¸„à¸£,https://cf.shopee.co.th/file/49ef8a6dc0930e9ea1d3d6988e5dd787_tn,https://shopee.co.th//à¹‚à¸›à¸£à¸¢à¸à¸¥à¸±à¸‡-12-à¸‹à¸­à¸‡-Vegetable-Stock-à¸™à¹‰à¸³à¸‹à¸¸à¸›à¸œà¸±à¸-Chicken-Broth-à¸™à¹‰à¸³à¸ªà¸•à¹Šà¸­à¸à¹„à¸à¹ˆà¹€à¸‚à¹‰à¸¡à¸‚à¹‰à¸™-i.295001023.7868418446,7868418446
31,"à¸‹à¸±à¸™à¹à¸§à¸¥à¹€à¸¥à¹ˆà¸¢à¹Œ à¸›à¸µà¸à¹„à¸à¹ˆà¸à¸£à¸­à¸šà¸£à¸ªà¸”à¸±à¹‰à¸‡à¹€à¸”à¸´à¸¡ SUN VALLEY CRISPY CHICKEN WING ORI 1 KG.à¸žà¸·à¹‰à¸™à¸—à¸µà¹ˆà¸ˆà¸±à¸”à¸ªà¹ˆà¸‡à¸à¸—à¸¡,à¸ªà¸¡à¸¸à¸—à¸£à¸›à¸£à¸²à¸à¸²à¸£,à¸™à¸™à¸—à¸šà¸¸à¸£à¸µ,à¸›à¸—à¸¸à¸¡à¸˜à¸²à¸™à¸µ",239.0,shopee mall,5.0,6.0,à¸ˆà¸±à¸‡à¸«à¸§à¸±à¸”à¸ªà¸£à¸°à¸šà¸¸à¸£à¸µ,https://cf.shopee.co.th/file/c8c111a01100cc6deb0698af5fcfb500_tn,https://shopee.co.th//à¸‹à¸±à¸™à¹à¸§à¸¥à¹€à¸¥à¹ˆà¸¢à¹Œ-à¸›à¸µà¸à¹„à¸à¹ˆà¸à¸£à¸­à¸šà¸£à¸ªà¸”à¸±à¹‰à¸‡à¹€à¸”à¸´à¸¡-SUN-VALLEY-CRISPY-CHICKEN-WING-ORI-1-KG.à¸žà¸·à¹‰à¸™à¸—à¸µà¹ˆà¸ˆà¸±à¸”à¸ªà¹ˆà¸‡à¸à¸—à¸¡-à¸ªà¸¡à¸¸à¸—à¸£à¸›à¸£à¸²à¸à¸²à¸£-à¸™à¸™à¸—à¸šà¸¸à¸£à¸µ-à¸›à¸—à¸¸à¸¡à¸˜à¸²à¸™à¸µ-i.318656571.5188749901,5188749901
32,"à¸‚à¸™à¸¡à¸ªà¸¸à¸™à¸±à¸‚ Chickenâ€‹ Jerky à¸¢à¸µà¹ˆà¸«à¹‰à¸­BOKDOKâ€‹  à¹à¸žà¹‡à¸„à¹ƒà¸«à¸à¹ˆ ,à¸œà¸¥à¸´à¸•à¸ˆà¸²à¸à¹„à¸à¹ˆà¹à¸—à¹‰ à¸ªà¸´à¸™à¸„à¹‰à¸²à¹ƒà¸«à¸¡à¹ˆà¹€à¸”à¸·à¸­à¸™à¸•à¹ˆà¸­à¹€à¸”à¸·à¸­à¸™",164.0,à¸£à¹‰à¸²à¸™à¹à¸™à¸°à¸™à¸³,4.875,154.0,à¸ˆà¸±à¸‡à¸«à¸§à¸±à¸”à¸ªà¸£à¸°à¸šà¸¸à¸£à¸µ,https://cf.shopee.co.th/file/1aad3d537a1c1c9106f1373135e0abf5_tn,https://shopee.co.th//à¸‚à¸™à¸¡à¸ªà¸¸à¸™à¸±à¸‚-Chickenâ€‹-Jerky-à¸¢à¸µà¹ˆà¸«à¹‰à¸­BOKDOKâ€‹-à¹à¸žà¹‡à¸„à¹ƒà¸«à¸à¹ˆ-à¸œà¸¥à¸´à¸•à¸ˆà¸²à¸à¹„à¸à¹ˆà¹à¸—à¹‰-à¸ªà¸´à¸™à¸„à¹‰à¸²à¹ƒà¸«à¸¡à¹ˆà¹€à¸”à¸·à¸­à¸™à¸•à¹ˆà¸­à¹€à¸”à¸·à¸­à¸™-i.76650051.5132248218,5132248218
33,à¹à¸šà¹ˆà¸‡à¸‚à¸²à¸¢à¸­à¸²à¸«à¸²à¸£à¹à¸¡à¸§à¸„à¸£à¸šà¸—à¸¸à¸à¸£à¸ªà¹à¸—à¹‰ðŸ’¯à¸–à¸¹à¸.à¸Šà¸±à¸§à¸£à¹Œ.Purina One Indoor & Salmon & Chicken & Kitten 1kg.à¹€à¸à¹‡à¸šà¹€à¸‡à¸´à¸™à¸›à¸¥à¸²à¸¢à¸—à¸²à¸‡,189.0,à¸£à¹‰à¸²à¸™à¹à¸™à¸°à¸™à¸³,4.8974,271.0,à¸ˆà¸±à¸‡à¸«à¸§à¸±à¸”à¸à¸£à¸¸à¸‡à¹€à¸—à¸žà¸¡à¸«à¸²à¸™à¸„à¸£,https://cf.shopee.co.th/file/c81d5e715cb6fd2a2f29992f98f5d413_tn,https://shopee.co.th//à¹à¸šà¹ˆà¸‡à¸‚à¸²à¸¢à¸­à¸²à¸«à¸²à¸£à¹à¸¡à¸§à¸„à¸£à¸šà¸—à¸¸à¸à¸£à¸ªà¹à¸—à¹‰ðŸ’¯à¸–à¸¹à¸.à¸Šà¸±à¸§à¸£à¹Œ.Purina-One-Indoor-Salmon-Chicken-Kitten-1kg.à¹€à¸à¹‡à¸šà¹€à¸‡à¸´à¸™à¸›à¸¥à¸²à¸¢à¸—à¸²à¸‡-i.142917149.4516038602,4516038602
34,Hill'sÂ® Science DietÂ® Adult Chicken Recipe cat food à¸­à¸²à¸«à¸²à¸£à¹à¸¡à¸§ à¸­à¸²à¸¢à¸¸ 1-6 à¸›à¸µ à¸‚à¸™à¸²à¸” 10 à¸à¸.,1730.0,general,5.0,10.0,à¸ˆà¸±à¸‡à¸«à¸§à¸±à¸”à¸à¸£à¸¸à¸‡à¹€à¸—à¸žà¸¡à¸«à¸²à¸™à¸„à¸£,https://cf.shopee.co.th/file/b7b6a05925235ca6e22fd27b6cf03f80_tn,https://shopee.co.th//Hill'sÂ®-Science-DietÂ®-Adult-Chicken-Recipe-cat-food-à¸­à¸²à¸«à¸²à¸£à¹à¸¡à¸§-à¸­à¸²à¸¢à¸¸-1-6-à¸›à¸µ-à¸‚à¸™à¸²à¸”-10-à¸à¸.-i.283904429.10705007160,10705007160
35,Picnic Baby à¸™à¹‰à¸³à¸ªà¸•à¹Šà¸­à¸à¹„à¸à¹ˆà¸žà¸£à¹‰à¸­à¸¡à¸£à¸±à¸šà¸›à¸£à¸°à¸—à¸²à¸™ Chicken Stock#firstkids#à¸‚à¸­à¸‡à¹ƒà¸Šà¹‰à¹€à¸”à¹‡à¸#à¸‚à¸­à¸‡à¹€à¸•à¸£à¸µà¸¢à¸¡à¸„à¸¥à¸­à¸”,95.0,à¸£à¹‰à¸²à¸™à¹à¸™à¸°à¸™à¸³,5.0,37.0,à¸ˆà¸±à¸‡à¸«à¸§à¸±à¸”à¸ªà¸¡à¸¸à¸—à¸£à¸›à¸£à¸²à¸à¸²à¸£,https://cf.shopee.co.th/file/e5a7ca5b7e2203e218cfc61653ed2fee_tn,https://shopee.co.th//Picnic-Baby-à¸™à¹‰à¸³à¸ªà¸•à¹Šà¸­à¸à¹„à¸à¹ˆà¸žà¸£à¹‰à¸­à¸¡à¸£à¸±à¸šà¸›à¸£à¸°à¸—à¸²à¸™-Chicken-Stock-firstkids-à¸‚à¸­à¸‡à¹ƒà¸Šà¹‰à¹€à¸”à¹‡à¸-à¸‚à¸­à¸‡à¹€à¸•à¸£à¸µà¸¢à¸¡à¸„à¸¥à¸­à¸”-i.240807327.4034164865,4034164865
36,"ðŸ”Crispy Chicken Skin à¸«à¸™à¸±à¸‡à¹„à¸à¹ˆà¸à¸£à¸­à¸š "" HERO"" à¸à¸£à¸­à¸šà¹„à¸”à¹‰à¹ƒà¸ˆ à¸Šà¸´à¹‰à¸™à¹ƒà¸«à¸à¹ˆà¹€à¸•à¹‡à¸¡à¸„à¸³ 3 à¸«à¹ˆà¸­ 100 à¸ˆà¸£à¹‰à¸²",35.0,à¸£à¹‰à¸²à¸™à¹à¸™à¸°à¸™à¸³,5.0,6.0,à¸ˆà¸±à¸‡à¸«à¸§à¸±à¸”à¸à¸£à¸¸à¸‡à¹€à¸—à¸žà¸¡à¸«à¸²à¸™à¸„à¸£,https://cf.shopee.co.th/file/6542d3007cdcddd116210bc18afa0a06_tn,https://shopee.co.th//ðŸ”Crispy-Chicken-Skin-à¸«à¸™à¸±à¸‡à¹„à¸à¹ˆà¸à¸£à¸­à¸š-HERO-à¸à¸£à¸­à¸šà¹„à¸”à¹‰à¹ƒà¸ˆ-à¸Šà¸´à¹‰à¸™à¹ƒà¸«à¸à¹ˆà¹€à¸•à¹‡à¸¡à¸„à¸³-3-à¸«à¹ˆà¸­-100-à¸ˆà¸£à¹‰à¸²-i.203342647.9865431807,9865431807
37,à¸­à¸²à¸«à¸²à¸£ à¸šà¸²à¸£à¹Œà¸Ÿ à¸ªà¸¸à¸™à¸±à¸‚à¹à¸¥à¸°à¹à¸¡à¸§(barf)â€‹/à¸ªà¸¹à¸•à¸£chickenà¸œà¸ªà¸¡à¸œà¸±à¸à¸œà¸¥à¹„à¸¡à¹‰ à¸‚à¸™à¸²à¸” 500g.,50.0,general,4.8065,692.0,à¸ˆà¸±à¸‡à¸«à¸§à¸±à¸”à¸à¸£à¸¸à¸‡à¹€à¸—à¸žà¸¡à¸«à¸²à¸™à¸„à¸£,https://cf.shopee.co.th/file/b918b769f52586375e427b01341251c1_tn,https://shopee.co.th//à¸­à¸²à¸«à¸²à¸£-à¸šà¸²à¸£à¹Œà¸Ÿ-à¸ªà¸¸à¸™à¸±à¸‚à¹à¸¥à¸°à¹à¸¡à¸§(barf)â€‹-à¸ªà¸¹à¸•à¸£chickenà¸œà¸ªà¸¡à¸œà¸±à¸à¸œà¸¥à¹„à¸¡à¹‰-à¸‚à¸™à¸²à¸”-500g.-i.28554493.2002373472,2002373472
38,[Bingo] Chicken stick Jerky à¸ºyummy stick Bingo star à¸‚à¸™à¸¡à¸«à¸¡à¸² à¸‚à¸™à¸¡à¸ªà¸¸à¸™à¸±à¸‚ 500à¸à¸£à¸±à¸¡,65.0,general,4.8333,36.0,à¸ˆà¸±à¸‡à¸«à¸§à¸±à¸”à¸žà¸±à¸—à¸¥à¸¸à¸‡,https://cf.shopee.co.th/file/236026d3d970a93461d05f092fa51675_tn,https://shopee.co.th//-Bingo-Chicken-stick-Jerky-à¸ºyummy-stick-Bingo-star-à¸‚à¸™à¸¡à¸«à¸¡à¸²-à¸‚à¸™à¸¡à¸ªà¸¸à¸™à¸±à¸‚-500à¸à¸£à¸±à¸¡-i.62754594.3887185423,3887185423
39,à¸­à¸²à¸«à¸²à¸£à¸ªà¸¸à¸™à¸±à¸‚ Avoderm Small Breed CHICKEN MEAL & BROWN RICE à¹„à¸à¹ˆà¹à¸¥à¸°à¸‚à¹‰à¸²à¸§à¸à¸¥à¹‰à¸­à¸‡ à¸ªà¸³à¸«à¸£à¸±à¸šà¸ªà¸¸à¸™à¸±à¸‚à¸žà¸±à¸™à¸˜à¸¸à¹Œà¹€à¸¥à¹‡à¸ 3.18 kg.,895.0,à¸£à¹‰à¸²à¸™à¹à¸™à¸°à¸™à¸³,5.0,11.0,à¸ˆà¸±à¸‡à¸«à¸§à¸±à¸”à¸à¸£à¸¸à¸‡à¹€à¸—à¸žà¸¡à¸«à¸²à¸™à¸„à¸£,https://cf.shopee.co.th/file/c2f64d46de5f6607a6e7df0cc055f955_tn,https://shopee.co.th//à¸­à¸²à¸«à¸²à¸£à¸ªà¸¸à¸™à¸±à¸‚-Avoderm-Small-Breed-CHICKEN-MEAL-BROWN-RICE-à¹„à¸à¹ˆà¹à¸¥à¸°à¸‚à¹‰à¸²à¸§à¸à¸¥à¹‰à¸­à¸‡-à¸ªà¸³à¸«à¸£à¸±à¸šà¸ªà¸¸à¸™à¸±à¸‚à¸žà¸±à¸™à¸˜à¸¸à¹Œà¹€à¸¥à¹‡à¸-3.18-kg.-i.290075784.4586224937,4586224937
40,à¸­à¸²à¸«à¸²à¸£à¹à¸¡à¸§à¸à¸£à¸°à¸›à¹‹à¸­à¸‡ AvoDerm Can Cat/Kitten Chicken/Fish Formula 156g,63.0,à¸£à¹‰à¸²à¸™à¹à¸™à¸°à¸™à¸³,4.7273,436.0,à¸ˆà¸±à¸‡à¸«à¸§à¸±à¸”à¸à¸£à¸¸à¸‡à¹€à¸—à¸žà¸¡à¸«à¸²à¸™à¸„à¸£,https://cf.shopee.co.th/file/4e8b7e4fdf9886df07ad4b04bd18e119_tn,https://shopee.co.th//à¸­à¸²à¸«à¸²à¸£à¹à¸¡à¸§à¸à¸£à¸°à¸›à¹‹à¸­à¸‡-AvoDerm-Can-Cat-Kitten-Chicken-Fish-Formula-156g-i.233943532.5256447938,5256447938
41,Samyang Extreme Buldak Hot Chicken Sauce à¸‹à¸±à¸¡à¸¢à¸±à¸‡ à¹€à¸­à¹‡à¸à¸‹à¹Œà¸•à¸£à¸µà¸¡ à¸šà¸¹à¸¥à¸”à¸±à¸ à¸®à¸­à¸• à¸Šà¸´à¸„à¹€à¸à¹‰à¸™ à¸‹à¸­à¸ªà¸ªà¹„à¸•à¸¥à¹Œà¹€à¸à¸²à¸«à¸¥à¸µ à¸ªà¸¹à¸•à¸£à¹€à¸œà¹‡à¸”à¸¡à¸²à¸ 200 à¸à¸£à¸±à¸¡,143.0,shopee mall,4.9028,154.0,à¸ˆà¸±à¸‡à¸«à¸§à¸±à¸”à¸à¸£à¸¸à¸‡à¹€à¸—à¸žà¸¡à¸«à¸²à¸™à¸„à¸£,https://cf.shopee.co.th/file/f10092f5447195712a560a3e4b19e8d1_tn,https://shopee.co.th//Samyang-Extreme-Buldak-Hot-Chicken-Sauce-à¸‹à¸±à¸¡à¸¢à¸±à¸‡-à¹€à¸­à¹‡à¸à¸‹à¹Œà¸•à¸£à¸µà¸¡-à¸šà¸¹à¸¥à¸”à¸±à¸-à¸®à¸­à¸•-à¸Šà¸´à¸„à¹€à¸à¹‰à¸™-à¸‹à¸­à¸ªà¸ªà¹„à¸•à¸¥à¹Œà¹€à¸à¸²à¸«à¸¥à¸µ-à¸ªà¸¹à¸•à¸£à¹€à¸œà¹‡à¸”à¸¡à¸²à¸-200-à¸à¸£à¸±à¸¡-i.250722446.5933460979,5933460979
42,JerHigh à¹€à¸ˆà¸­à¸£à¹Œà¹„à¸® à¸®à¸­à¸—à¸”à¹‡à¸­à¸à¸šà¸²à¸£à¹Œ à¸£à¸ªà¸žà¸£à¹‰à¸­à¸‡à¸ªà¹ˆà¸‡à¸—à¸¸à¸150 à¸à¸£à¸±à¸¡à¸¢à¸à¹€à¸§à¹‰à¸™à¸›à¸¥à¸²à¸­à¹ˆà¸²à¸™à¸£à¸²à¸¢à¸¥à¸°à¹€à¸­à¸µà¸¢à¸”à¸à¹ˆà¸­à¸™à¸ªà¸±à¹ˆà¸‡ fish chicken liver grilled hotdog,25.0,à¸£à¹‰à¸²à¸™à¹à¸™à¸°à¸™à¸³,4.9189,35200.0,à¸ˆà¸±à¸‡à¸«à¸§à¸±à¸”à¸à¸£à¸¸à¸‡à¹€à¸—à¸žà¸¡à¸«à¸²à¸™à¸„à¸£,https://cf.shopee.co.th/file/ee3d98cbbf6c958597c558f12a19da52_tn,https://shopee.co.th//JerHigh-à¹€à¸ˆà¸­à¸£à¹Œà¹„à¸®-à¸®à¸­à¸—à¸”à¹‡à¸­à¸à¸šà¸²à¸£à¹Œ-à¸£à¸ªà¸žà¸£à¹‰à¸­à¸‡à¸ªà¹ˆà¸‡à¸—à¸¸à¸150-à¸à¸£à¸±à¸¡à¸¢à¸à¹€à¸§à¹‰à¸™à¸›à¸¥à¸²à¸­à¹ˆà¸²à¸™à¸£à¸²à¸¢à¸¥à¸°à¹€à¸­à¸µà¸¢à¸”à¸à¹ˆà¸­à¸™à¸ªà¸±à¹ˆà¸‡-fish-chicken-liver-grilled-hotdog-i.56717998.3622191057,3622191057
43,Hill's c/dâ„¢Urinary Stress Feline Stew with Chicken & added Vegetables 82g,58.0,à¸£à¹‰à¸²à¸™à¹à¸™à¸°à¸™à¸³,4.9512,339.0,à¸ˆà¸±à¸‡à¸«à¸§à¸±à¸”à¸™à¸™à¸—à¸šà¸¸à¸£à¸µ,https://cf.shopee.co.th/file/3051c40b1a0133d46a804d3bd42f3719_tn,https://shopee.co.th//Hill's-c-dâ„¢Urinary-Stress-Feline-Stew-with-Chicken-added-Vegetables-82g-i.56677860.4541595625,4541595625
44,"à¹„à¸ªà¹‰à¸à¸£à¸­à¸à¸„à¸µà¹‚à¸• (smoked vienna , cheese bacon , bratwurst pork,bratwurst chicken)",247.0,general,4.8218,310.0,à¸ˆà¸±à¸‡à¸«à¸§à¸±à¸”à¸à¸£à¸¸à¸‡à¹€à¸—à¸žà¸¡à¸«à¸²à¸™à¸„à¸£,https://cf.shopee.co.th/file/a681c809d9162cafbe80b6bd2e17d5a2_tn,https://shopee.co.th//à¹„à¸ªà¹‰à¸à¸£à¸­à¸à¸„à¸µà¹‚à¸•-(smoked-vienna-cheese-bacon-bratwurst-pork-bratwurst-chicken)-i.11668813.8019069851,8019069851
45,Tyson à¸›à¸µà¸à¸šà¸™à¹„à¸à¹ˆà¸ªà¹„à¸•à¸¥à¹Œà¸­à¹€à¸¡à¸£à¸´à¸à¸±à¸™ Buffalo chicken wing stick 500 g,135.0,shopee mall,4.918,1400.0,à¸ˆà¸±à¸‡à¸«à¸§à¸±à¸”à¸ªà¸¡à¸¸à¸—à¸£à¸›à¸£à¸²à¸à¸²à¸£,https://cf.shopee.co.th/file/ed59b2c729cf685e9d37fd1c4f896793_tn,https://shopee.co.th//Tyson-à¸›à¸µà¸à¸šà¸™à¹„à¸à¹ˆà¸ªà¹„à¸•à¸¥à¹Œà¸­à¹€à¸¡à¸£à¸´à¸à¸±à¸™-Buffalo-chicken-wing-stick-500-g-i.242496057.4033607318,4033607318
46,à¸­à¸²à¸«à¸²à¸£à¹€à¸›à¸µà¸¢à¸à¹à¸¡à¸§à¹€à¸à¸£à¸” 5 à¸”à¸²à¸§ Crave Chicken Pate Grain-Free Cat Food Trays 2.6 oz,140.0,à¸£à¹‰à¸²à¸™à¹à¸™à¸°à¸™à¸³,5.0,130.0,à¸ˆà¸±à¸‡à¸«à¸§à¸±à¸”à¸à¸£à¸¸à¸‡à¹€à¸—à¸žà¸¡à¸«à¸²à¸™à¸„à¸£,https://cf.shopee.co.th/file/bf590e6e0d719ecab37f0432364580fb_tn,https://shopee.co.th//à¸­à¸²à¸«à¸²à¸£à¹€à¸›à¸µà¸¢à¸à¹à¸¡à¸§à¹€à¸à¸£à¸”-5-à¸”à¸²à¸§-Crave-Chicken-Pate-Grain-Free-Cat-Food-Trays-2.6-oz-i.8384347.1760022411,1760022411
47,"à¹„à¸à¹ˆà¸›à¹Šà¸­à¸› (Chicken Pops) 1,000 à¹à¸¥à¸° 2,000à¸à¸£à¸±à¸¡/à¸–à¸¸à¸‡",250.0,general,4.875,11.0,à¸ˆà¸±à¸‡à¸«à¸§à¸±à¸”à¸à¸£à¸¸à¸‡à¹€à¸—à¸žà¸¡à¸«à¸²à¸™à¸„à¸£,https://cf.shopee.co.th/file/a718a6ce3d8eabe9d9cd2688f659d211_tn,https://shopee.co.th//à¹„à¸à¹ˆà¸›à¹Šà¸­à¸›-(Chicken-Pops)-1-000-à¹à¸¥à¸°-2-000à¸à¸£à¸±à¸¡-à¸–à¸¸à¸‡-i.353827617.9310469725,9310469725
48,VITALIFE CHICKEN TENDER à¸ªà¸±à¸™à¹ƒà¸™à¹„à¸à¹ˆà¸­à¸šà¹à¸«à¹‰à¸‡ à¹€à¸à¸£à¸”à¸žà¸£à¸µà¹€à¸¡à¸µà¹ˆà¸¢à¸¡ à¸‚à¸™à¸²à¸” 400 à¸à¸£à¸±à¸¡ à¸ˆà¸³à¸™à¸§à¸™ 2 à¸–à¸¸à¸‡,592.0,à¸£à¹‰à¸²à¸™à¹à¸™à¸°à¸™à¸³,5.0,7.0,à¸ˆà¸±à¸‡à¸«à¸§à¸±à¸”à¸à¸£à¸¸à¸‡à¹€à¸—à¸žà¸¡à¸«à¸²à¸™à¸„à¸£,https://cf.shopee.co.th/file/7d6ddaf53571f1a881e920b753209ad4_tn,https://shopee.co.th//VITALIFE-CHICKEN-TENDER-à¸ªà¸±à¸™à¹ƒà¸™à¹„à¸à¹ˆà¸­à¸šà¹à¸«à¹‰à¸‡-à¹€à¸à¸£à¸”à¸žà¸£à¸µà¹€à¸¡à¸µà¹ˆà¸¢à¸¡-à¸‚à¸™à¸²à¸”-400-à¸à¸£à¸±à¸¡-à¸ˆà¸³à¸™à¸§à¸™-2-à¸–à¸¸à¸‡-i.369297500.8607843667,8607843667
49,>à¸¡à¸µà¸„à¸£à¸š<à¸‹à¸­à¸ªà¹„à¸à¹ˆà¹€à¸œà¹‡à¸” à¸‹à¸­à¸ªà¹€à¸à¸²à¸«à¸¥à¸µ à¸‹à¸­à¸ªà¹€à¸œà¹‡à¸”à¹€à¸à¸²à¸«à¸¥à¸µ à¸‹à¸±à¸¡à¸¢à¸±à¸‡ 200g (Samyang Hot Chicken Sauce),169.0,general,4.95,247.0,à¸ˆà¸±à¸‡à¸«à¸§à¸±à¸”à¹€à¸Šà¸µà¸¢à¸‡à¹ƒà¸«à¸¡à¹ˆ,https://cf.shopee.co.th/file/329a9f8122a7c8c135dc28aa3b3a1bda_tn,https://shopee.co.th//-à¸¡à¸µà¸„à¸£à¸š-à¸‹à¸­à¸ªà¹„à¸à¹ˆà¹€à¸œà¹‡à¸”-à¸‹à¸­à¸ªà¹€à¸à¸²à¸«à¸¥à¸µ-à¸‹à¸­à¸ªà¹€à¸œà¹‡à¸”à¹€à¸à¸²à¸«à¸¥à¸µ-à¸‹à¸±à¸¡à¸¢à¸±à¸‡-200g-(Samyang-Hot-Chicken-Sauce)-i.440862496.8365661434,8365661434
50,NEEZ à¸­à¸²à¸«à¸²à¸£à¹à¸¡à¸§ Neez Plus Chicken Grain Free à¸­à¸²à¸«à¸²à¸£à¹à¸¡à¸§à¹€à¸à¸£à¸” Holistic à¸‚à¸™à¸²à¸” 2 kg.[NZ20],389.0,à¸£à¹‰à¸²à¸™à¹à¸™à¸°à¸™à¸³,4.9279,214.0,à¸ˆà¸±à¸‡à¸«à¸§à¸±à¸”à¸™à¸™à¸—à¸šà¸¸à¸£à¸µ,https://cf.shopee.co.th/file/f3061226809d5b73ccb02738986e566c_tn,https://shopee.co.th//NEEZ-à¸­à¸²à¸«à¸²à¸£à¹à¸¡à¸§-Neez-Plus-Chicken-Grain-Free-à¸­à¸²à¸«à¸²à¸£à¹à¸¡à¸§à¹€à¸à¸£à¸”-Holistic-à¸‚à¸™à¸²à¸”-2-kg.-NZ20--i.50654.5636221731,5636221731
51,Chicken Fiber Bone à¹€à¸™à¸·à¹‰à¸­à¹„à¸à¹ˆà¸­à¸šà¹à¸«à¹‰à¸‡à¸œà¸ªà¸¡à¹„à¸Ÿà¹€à¸šà¸­à¸£à¹Œ à¹à¸žà¸„ 250 à¸à¸£à¸±à¸¡,155.0,general,4.8235,64.0,à¸ˆà¸±à¸‡à¸«à¸§à¸±à¸”à¸™à¸„à¸£à¸›à¸à¸¡,https://cf.shopee.co.th/file/6b7361ad3d8638485bf669d0edbed611_tn,https://shopee.co.th//Chicken-Fiber-Bone-à¹€à¸™à¸·à¹‰à¸­à¹„à¸à¹ˆà¸­à¸šà¹à¸«à¹‰à¸‡à¸œà¸ªà¸¡à¹„à¸Ÿà¹€à¸šà¸­à¸£à¹Œ-à¹à¸žà¸„-250-à¸à¸£à¸±à¸¡-i.5294932.1328292859,1328292859
52,à¸‚à¸™à¸¡à¹à¸¡à¸§â€‹ à¸­à¸à¹„à¸à¹ˆà¸Ÿà¸£à¸µà¸‹à¸”à¸£à¸²à¸¢ Freeze Dried Chicken à¹à¸¥à¸° à¹€à¸™à¸·à¹‰à¸­à¸›à¸¥à¸²à¸—à¸¹à¸™à¹ˆà¸² Tuna à¸‚à¸™à¸¡à¸Ÿà¸£à¸µà¸ªà¸”à¸£à¸²à¸¢ Toppers for Cats à¸žà¸£à¹‰à¸­à¸¡à¸ªà¹ˆà¸‡,30.0,general,4.8889,27.0,à¸ˆà¸±à¸‡à¸«à¸§à¸±à¸”à¸™à¸™à¸—à¸šà¸¸à¸£à¸µ,https://cf.shopee.co.th/file/afd54bea846806bac9a59b7a824c7646_tn,https://shopee.co.th//à¸‚à¸™à¸¡à¹à¸¡à¸§â€‹-à¸­à¸à¹„à¸à¹ˆà¸Ÿà¸£à¸µà¸‹à¸”à¸£à¸²à¸¢-Freeze-Dried-Chicken-à¹à¸¥à¸°-à¹€à¸™à¸·à¹‰à¸­à¸›à¸¥à¸²à¸—à¸¹à¸™à¹ˆà¸²-Tuna-à¸‚à¸™à¸¡à¸Ÿà¸£à¸µà¸ªà¸”à¸£à¸²à¸¢-Toppers-for-Cats-à¸žà¸£à¹‰à¸­à¸¡à¸ªà¹ˆà¸‡-i.153043220.6687334597,6687334597
53,Tyson à¹„à¸à¹ˆà¸—à¸­à¸”à¸à¸£à¸­à¸šà¸ªà¸¹à¸•à¸£à¸„à¸¥à¸²à¸ªà¸ªà¸´à¸„ Classic Fried Chicken 500 g,126.0,shopee mall,4.8936,2000.0,à¸ˆà¸±à¸‡à¸«à¸§à¸±à¸”à¸ªà¸¡à¸¸à¸—à¸£à¸›à¸£à¸²à¸à¸²à¸£,https://cf.shopee.co.th/file/fb9b7e43b5620cf0c044dd3a604ea065_tn,https://shopee.co.th//Tyson-à¹„à¸à¹ˆà¸—à¸­à¸”à¸à¸£à¸­à¸šà¸ªà¸¹à¸•à¸£à¸„à¸¥à¸²à¸ªà¸ªà¸´à¸„-Classic-Fried-Chicken-500-g-i.242496057.4652634780,4652634780
54,Hill's Urinary Care c/d  chicken vegetable stew  à¸­à¸²à¸«à¸²à¸£à¹€à¸›à¸µà¸¢à¸à¸ªà¸¸à¸™à¸±à¸‚ à¸—à¸µà¹ˆà¸¡à¸µà¸›à¸±à¸à¸«à¸²à¹€à¸£à¸·à¹ˆà¸­à¸‡à¸™à¸´à¹ˆà¸§ 354g,125.0,general,5.0,51.0,à¸ˆà¸±à¸‡à¸«à¸§à¸±à¸”à¸à¸£à¸¸à¸‡à¹€à¸—à¸žà¸¡à¸«à¸²à¸™à¸„à¸£,https://cf.shopee.co.th/file/8a8ef38f99528377bf3f9d1479532540_tn,https://shopee.co.th//Hill's-Urinary-Care-c-d-chicken-vegetable-stew-à¸­à¸²à¸«à¸²à¸£à¹€à¸›à¸µà¸¢à¸à¸ªà¸¸à¸™à¸±à¸‚-à¸—à¸µà¹ˆà¸¡à¸µà¸›à¸±à¸à¸«à¸²à¹€à¸£à¸·à¹ˆà¸­à¸‡à¸™à¸´à¹ˆà¸§-354g-i.131339.3754886258,3754886258
55,Tyson à¹„à¸à¹ˆà¸¡à¸´à¸™à¸´à¸ªà¹€à¸•à¹‡à¸ Roasted chicken mini steak 500 g,135.0,shopee mall,4.8895,594.0,à¸ˆà¸±à¸‡à¸«à¸§à¸±à¸”à¸ªà¸¡à¸¸à¸—à¸£à¸›à¸£à¸²à¸à¸²à¸£,https://cf.shopee.co.th/file/d555224d5b2dedb278fcca2b415c8d93_tn,https://shopee.co.th//Tyson-à¹„à¸à¹ˆà¸¡à¸´à¸™à¸´à¸ªà¹€à¸•à¹‡à¸-Roasted-chicken-mini-steak-500-g-i.242496057.7133606364,7133606364
56,home run balls tiramisu puff snack 46g í™ˆëŸ°ë³¼ exo baekhyun à¸‚à¸™à¸¡à¹€à¸à¸²à¸«à¸¥à¸µà¸­à¸šà¸à¸£à¸­à¸šà¸ªà¸­à¸”à¹„à¸ªà¹‰à¸„à¸£à¸µà¸¡à¸£à¸ªà¸—à¸µà¸£à¸²à¸¡à¸´à¸ªà¸¶ 46g.,85.0,à¸£à¹‰à¸²à¸™à¹à¸™à¸°à¸™à¸³,4.6667,22.0,à¸ˆà¸±à¸‡à¸«à¸§à¸±à¸”à¸à¸£à¸¸à¸‡à¹€à¸—à¸žà¸¡à¸«à¸²à¸™à¸„à¸£,https://cf.shopee.co.th/file/e987238b426818eb3629b2df9749004d_tn,https://shopee.co.th//home-run-balls-tiramisu-puff-snack-46g-í™ˆëŸ°ë³¼-exo-baekhyun-à¸‚à¸™à¸¡à¹€à¸à¸²à¸«à¸¥à¸µà¸­à¸šà¸à¸£à¸­à¸šà¸ªà¸­à¸”à¹„à¸ªà¹‰à¸„à¸£à¸µà¸¡à¸£à¸ªà¸—à¸µà¸£à¸²à¸¡à¸´à¸ªà¸¶-46g.-i.211550487.5450426786,5450426786
57,Kallo Very Low Salt Organic Chicken Stock Cubes 48g à¹à¸„à¹‚à¸¥à¹ˆ à¸‹à¸¸à¸›à¸à¹‰à¸­à¸™à¹„à¸à¹ˆ à¸­à¸­à¸£à¹Œà¹à¸à¸™à¸´à¸ à¹€à¸à¸¥à¸·à¸­à¸•à¹ˆà¸³à¸¡à¸²à¸ 48g,143.0,general,5.0,2.0,à¸ˆà¸±à¸‡à¸«à¸§à¸±à¸”à¸à¸£à¸¸à¸‡à¹€à¸—à¸žà¸¡à¸«à¸²à¸™à¸„à¸£,https://cf.shopee.co.th/file/60d584d162ae50524d1198947ccfabe6_tn,https://shopee.co.th//Kallo-Very-Low-Salt-Organic-Chicken-Stock-Cubes-48g-à¹à¸„à¹‚à¸¥à¹ˆ-à¸‹à¸¸à¸›à¸à¹‰à¸­à¸™à¹„à¸à¹ˆ-à¸­à¸­à¸£à¹Œà¹à¸à¸™à¸´à¸-à¹€à¸à¸¥à¸·à¸­à¸•à¹ˆà¸³à¸¡à¸²à¸-48g-i.38135558.4855119867,4855119867
58,[à¹à¸žà¹‡à¸„à¸„à¸¸à¹‰à¸¡à¸„à¹ˆà¸²85gx5à¸‹à¸­à¸‡] Nissin Chicken Ramen à¸¡à¸²à¸¡à¹ˆà¸²à¸à¸µà¹ˆà¸›à¸¸à¹ˆà¸™ à¸¡à¸²à¸¡à¹ˆà¸²à¹€à¸”à¹‡à¸ à¸£à¸ªà¸£à¸²à¹€à¸¡à¸™à¹„à¸à¹ˆ à¹„à¸¡à¹ˆà¸¡à¸µà¸œà¸‡à¸Šà¸¹à¸£à¸ª,350.0,à¸£à¹‰à¸²à¸™à¹à¸™à¸°à¸™à¸³,4.9286,40.0,à¸ˆà¸±à¸‡à¸«à¸§à¸±à¸”à¸à¸£à¸¸à¸‡à¹€à¸—à¸žà¸¡à¸«à¸²à¸™à¸„à¸£,https://cf.shopee.co.th/file/8b86357f3cf7789e579f7adb5101b618_tn,https://shopee.co.th//-à¹à¸žà¹‡à¸„à¸„à¸¸à¹‰à¸¡à¸„à¹ˆà¸²85gx5à¸‹à¸­à¸‡-Nissin-Chicken-Ramen-à¸¡à¸²à¸¡à¹ˆà¸²à¸à¸µà¹ˆà¸›à¸¸à¹ˆà¸™-à¸¡à¸²à¸¡à¹ˆà¸²à¹€à¸”à¹‡à¸-à¸£à¸ªà¸£à¸²à¹€à¸¡à¸™à¹„à¸à¹ˆ-à¹„à¸¡à¹ˆà¸¡à¸µà¸œà¸‡à¸Šà¸¹à¸£à¸ª-i.343218955.8924922643,8924922643
59,Tyson à¹„à¸à¹ˆà¸„à¸²à¸£à¸²à¹€à¸à¸° à¸ªà¹„à¸•à¸¥à¹Œà¸à¸µà¹ˆà¸›à¸¸à¹ˆà¸™ Chicken karaage 500 g,135.0,shopee mall,4.9132,1600.0,à¸ˆà¸±à¸‡à¸«à¸§à¸±à¸”à¸ªà¸¡à¸¸à¸—à¸£à¸›à¸£à¸²à¸à¸²à¸£,https://cf.shopee.co.th/file/676ec157b19d591fa91a9334bcd104f9_tn,https://shopee.co.th//Tyson-à¹„à¸à¹ˆà¸„à¸²à¸£à¸²à¹€à¸à¸°-à¸ªà¹„à¸•à¸¥à¹Œà¸à¸µà¹ˆà¸›à¸¸à¹ˆà¸™-Chicken-karaage-500-g-i.242496057.4033631811,4033631811
60,Samyang Extreme Buldak Hot Chicken Sauce à¸‹à¸±à¸¡à¸¢à¸±à¸‡ à¹€à¸­à¹‡à¸à¸‹à¹Œà¸•à¸£à¸µà¸¡ à¸šà¸¹à¸¥à¸”à¸±à¸ à¸®à¸­à¸• à¸Šà¸´à¸„à¹€à¸à¹‰à¸™ à¸‹à¸­à¸ªà¸ªà¹„à¸•à¸¥à¹Œà¹€à¸à¸²à¸«à¸¥à¸µ à¸ªà¸¹à¸•à¸£à¹€à¸œà¹‡à¸”à¸¡à¸²à¸ 200à¸à¸£à¸±à¸¡[à¸‚à¸§à¸”à¹à¸”à¸‡],135.0,à¸£à¹‰à¸²à¸™à¹à¸™à¸°à¸™à¸³,4.8333,33.0,à¸ˆà¸±à¸‡à¸«à¸§à¸±à¸”à¸­à¸¸à¸”à¸£à¸˜à¸²à¸™à¸µ,https://cf.shopee.co.th/file/ba12abbd0fcfe4ab96ddd7837acb9b28_tn,https://shopee.co.th//Samyang-Extreme-Buldak-Hot-Chicken-Sauce-à¸‹à¸±à¸¡à¸¢à¸±à¸‡-à¹€à¸­à¹‡à¸à¸‹à¹Œà¸•à¸£à¸µà¸¡-à¸šà¸¹à¸¥à¸”à¸±à¸-à¸®à¸­à¸•-à¸Šà¸´à¸„à¹€à¸à¹‰à¸™-à¸‹à¸­à¸ªà¸ªà¹„à¸•à¸¥à¹Œà¹€à¸à¸²à¸«à¸¥à¸µ-à¸ªà¸¹à¸•à¸£à¹€à¸œà¹‡à¸”à¸¡à¸²à¸-200à¸à¸£à¸±à¸¡-à¸‚à¸§à¸”à¹à¸”à¸‡--i.94179545.8122397753,8122397753
